"","id","earlength","dnaseq"
"1","17A",5.1,"CCGCATCTTGACTTAACTGACATATTACCATAGATGACTAGCCATGCCACTAGCTCTTAGATAACCCGATACAGTGATTATGAAAGGTTTGTGGGGTATA"
"2","24P",7.5,"GCTATGACTTGCTTAGCTACGTATGAAGGAAGAAACTTTTGTGTATTTATATGTTCACCCGTCTATTACCCATGCCCGAAGATTATGTAGGTTGTGAGAT"
"3","09Q",12.2,"CCGCCGATTGATACAGGGGACGGTGACGTCGTCATAGATTCGGCACGTTACCCTTGTAGGTGTGGAGCCACTTAGCTACGCGCCGAAGTCCCATGGCAAA"
"4","65Y",9.9,"GCAGGAGAAGTTCTTAACCTTCTCGTAGGACGTCAACCTATTCTTTAATAGAGCATTTCATTCGAGCATGACAGTAAGTACGCTTTCTCAATTGTGCTAA"
"5","19N",10,"TCTTCATCCTTATCAAAGTTTGGAGTCAATGATCAGGATTATTGCCTTGCAATAAATTTCTTATTCACAGTCGCTCATATTGAGCTACTCGATGGGTTAT"
"6","92K",14.6,"ACCGATGGACAATGATTCGGGTAGCACCAGGAGTCCGTAGCGCGTGCATCCCGGCGTGGCGCGCGTACAGCTTAACCACCGCTTCATGCTAGGGTGCTGG"
"7","33W",8.2,"CAGCTTGACTCGGTCTGTTAGGCCACGATTACGTGAGTTAGGGCTCTGAACTGCGCTGTATAGTCGAATCTGATTCGGCCCTCACAACTGCAAACCCCAA"
"8","98C",17.8,"CTGCATGCTAGGTTGACACGCCTGCACTGCTCGAAGAAAATATGCGAAGCGGGCGGCCTGGCCGGAGCGCTACCCCGCCGGCGCGTGCTCGAATACTGTT"
"9","75G",9.4,"CTTATTTAGATAACATGATTAGCCGAAGTTGTACGGGATATCCACCGTAAAGTCCTCCCCGGGTGTCCCTCCTTCATTTGATGATAAGCAGCCGCTACCA"
"10","88Q",11.3,"GATTGCTCGCACATGAGCAAAACGGTAGAGCGTCACTTTCAGCCCTCTTATCCCCGGCGATGTGTGTGAAATGGCGTTGATCCGGATTGACTCTATGACG"
